-- phpMyAdmin SQL Dump
-- version 5.2.0
-- https://www.phpmyadmin.net/
--
-- Servidor: localhost:3307
-- Tiempo de generación: 30-04-2024 a las 21:58:28
-- Versión del servidor: 10.4.27-MariaDB
-- Versión de PHP: 8.1.12

SET SQL_MODE = "NO_AUTO_VALUE_ON_ZERO";
START TRANSACTION;
SET time_zone = "+00:00";


/*!40101 SET @OLD_CHARACTER_SET_CLIENT=@@CHARACTER_SET_CLIENT */;
/*!40101 SET @OLD_CHARACTER_SET_RESULTS=@@CHARACTER_SET_RESULTS */;
/*!40101 SET @OLD_COLLATION_CONNECTION=@@COLLATION_CONNECTION */;
/*!40101 SET NAMES utf8mb4 */;

--
-- Base de datos: `sistemafarmacia`
--

-- --------------------------------------------------------

--
-- Estructura de tabla para la tabla `clientes`
--

CREATE TABLE `clientes` (
  `id` int(11) NOT NULL,
  `dni` varchar(8) NOT NULL,
  `nombre` varchar(180) NOT NULL,
  `telefono` varchar(15) NOT NULL,
  `direccion` varchar(255) NOT NULL
) ENGINE=InnoDB DEFAULT CHARSET=utf8 COLLATE=utf8_spanish_ci;

--
-- Volcado de datos para la tabla `clientes`
--

INSERT INTO `clientes` (`id`, `dni`, `nombre`, `telefono`, `direccion`) VALUES
(2, '9201335', 'wilson zenteno', '60692023', 'zona sur'),
(3, '123', 'roberto', '456', 'el alto'),
(4, '123', 'juan', '456', 'centri'),
(5, '5', 'juan', '165456', 'weijewkrjew');

-- --------------------------------------------------------

--
-- Estructura de tabla para la tabla `config`
--

CREATE TABLE `config` (
  `id` int(11) NOT NULL,
  `ruc` int(15) NOT NULL,
  `nombre` varchar(255) NOT NULL,
  `telefono` int(11) NOT NULL,
  `direccion` text NOT NULL,
  `mensaje` varchar(255) NOT NULL
) ENGINE=InnoDB DEFAULT CHARSET=utf8 COLLATE=utf8_spanish_ci;

--
-- Volcado de datos para la tabla `config`
--

INSERT INTO `config` (`id`, `ruc`, `nombre`, `telefono`, `direccion`, `mensaje`) VALUES
(1, 123, 'farmaciazenteno', 60692023, 'av. franco valle', 'proyecto programacion 2');

-- --------------------------------------------------------

--
-- Estructura de tabla para la tabla `detalle`
--

CREATE TABLE `detalle` (
  `id` int(11) NOT NULL,
  `id_pro` int(11) NOT NULL,
  `cantidad` int(11) NOT NULL,
  `precio` decimal(10,2) NOT NULL,
  `id_venta` int(11) NOT NULL
) ENGINE=InnoDB DEFAULT CHARSET=utf8 COLLATE=utf8_spanish_ci;

--
-- Volcado de datos para la tabla `detalle`
--

INSERT INTO `detalle` (`id`, `id_pro`, `cantidad`, `precio`, `id_venta`) VALUES
(14, 7, 2, '5.00', 14),
(15, 7, 1, '5.00', 15),
(16, 7, 2, '5.00', 16),
(17, 8, 1, '2.00', 16);

-- --------------------------------------------------------

--
-- Estructura de tabla para la tabla `productos`
--

CREATE TABLE `productos` (
  `id` int(11) NOT NULL,
  `codigo` varchar(20) NOT NULL,
  `nombre` text NOT NULL,
  `proveedor` int(11) NOT NULL,
  `stock` int(11) NOT NULL,
  `precio` decimal(10,2) NOT NULL
) ENGINE=InnoDB DEFAULT CHARSET=utf8 COLLATE=utf8_spanish_ci;

--
-- Volcado de datos para la tabla `productos`
--

INSERT INTO `productos` (`id`, `codigo`, `nombre`, `proveedor`, `stock`, `precio`) VALUES
(6, '2', 'tabeltas', 3, 10, '5.00'),
(7, '7', 'pruebamedicamento', 4, 10, '5.00'),
(8, '8', 'prodcudtonuevo', 3, 13, '2.00');

-- --------------------------------------------------------

--
-- Estructura de tabla para la tabla `proveedor`
--

CREATE TABLE `proveedor` (
  `id` int(11) NOT NULL,
  `ruc` varchar(15) NOT NULL,
  `nombre` varchar(255) NOT NULL,
  `telefono` varchar(15) NOT NULL,
  `direccion` varchar(255) NOT NULL
) ENGINE=InnoDB DEFAULT CHARSET=utf8 COLLATE=utf8_spanish_ci;

--
-- Volcado de datos para la tabla `proveedor`
--

INSERT INTO `proveedor` (`id`, `ruc`, `nombre`, `telefono`, `direccion`) VALUES
(3, '12', 'farmacorp', '155647', 'centro'),
(4, '7', 'pruebaproveedor', '51855', 'zona sur');

-- --------------------------------------------------------

--
-- Estructura de tabla para la tabla `usuarios`
--

CREATE TABLE `usuarios` (
  `id` int(11) NOT NULL,
  `nombre` varchar(200) NOT NULL,
  `correo` varchar(200) NOT NULL,
  `pass` varchar(50) NOT NULL,
  `rol` varchar(20) NOT NULL
) ENGINE=InnoDB DEFAULT CHARSET=utf8 COLLATE=utf8_spanish_ci;

--
-- Volcado de datos para la tabla `usuarios`
--

INSERT INTO `usuarios` (`id`, `nombre`, `correo`, `pass`, `rol`) VALUES
(1, 'Wilson Zenteno', 'wilson.zenteno@ucb.edu.bo', '123456789', 'Administrador'),
(3, 'juan', 'prueba@gmail.com', 'prueba', 'Asistente'),
(4, 'carlos', 'carlos@gmail.com', '123', 'Asistente'),
(5, 'pedro', 'ejemplo1@gmail.com', '123', 'Asistente'),
(6, 'prueba', 'prueba123', '1234', 'Administrador'),
(7, 'prueba', 'ejemplo1', '12345', 'Asistente');

-- --------------------------------------------------------

--
-- Estructura de tabla para la tabla `ventas`
--

CREATE TABLE `ventas` (
  `id` int(11) NOT NULL,
  `cliente` int(11) NOT NULL,
  `vendedor` varchar(60) NOT NULL,
  `total` decimal(10,2) NOT NULL,
  `fecha` varchar(20) NOT NULL
) ENGINE=InnoDB DEFAULT CHARSET=utf8 COLLATE=utf8_spanish_ci;

--
-- Volcado de datos para la tabla `ventas`
--

INSERT INTO `ventas` (`id`, `cliente`, `vendedor`, `total`, `fecha`) VALUES
(8, 2, 'Wilson Zenteno', '45.00', '12/12/2022'),
(9, 2, 'Wilson Zenteno', '30.00', '12/12/2022'),
(10, 3, 'Wilson Zenteno', '5.00', '12/12/2022'),
(11, 2, 'Wilson Zenteno', '30.00', '12/12/2022'),
(12, 2, 'Wilson Zenteno', '30.00', '12/12/2022'),
(13, 3, 'Wilson Zenteno', '5.00', '16/12/2022'),
(14, 3, 'Wilson Zenteno', '10.00', '26/04/2024'),
(15, 2, 'Wilson Zenteno', '5.00', '26/04/2024'),
(16, 5, 'Wilson Zenteno', '12.00', '26/04/2024');

--
-- Índices para tablas volcadas
--

--
-- Indices de la tabla `clientes`
--
ALTER TABLE `clientes`
  ADD PRIMARY KEY (`id`);

--
-- Indices de la tabla `config`
--
ALTER TABLE `config`
  ADD PRIMARY KEY (`id`);

--
-- Indices de la tabla `detalle`
--
ALTER TABLE `detalle`
  ADD PRIMARY KEY (`id`),
  ADD KEY `id_venta` (`id_venta`),
  ADD KEY `id_pro` (`id_pro`);

--
-- Indices de la tabla `productos`
--
ALTER TABLE `productos`
  ADD PRIMARY KEY (`id`),
  ADD KEY `proveedor` (`proveedor`);

--
-- Indices de la tabla `proveedor`
--
ALTER TABLE `proveedor`
  ADD PRIMARY KEY (`id`);

--
-- Indices de la tabla `usuarios`
--
ALTER TABLE `usuarios`
  ADD PRIMARY KEY (`id`);

--
-- Indices de la tabla `ventas`
--
ALTER TABLE `ventas`
  ADD PRIMARY KEY (`id`),
  ADD KEY `cliente` (`cliente`);

--
-- AUTO_INCREMENT de las tablas volcadas
--

--
-- AUTO_INCREMENT de la tabla `clientes`
--
ALTER TABLE `clientes`
  MODIFY `id` int(11) NOT NULL AUTO_INCREMENT, AUTO_INCREMENT=6;

--
-- AUTO_INCREMENT de la tabla `config`
--
ALTER TABLE `config`
  MODIFY `id` int(11) NOT NULL AUTO_INCREMENT, AUTO_INCREMENT=2;

--
-- AUTO_INCREMENT de la tabla `detalle`
--
ALTER TABLE `detalle`
  MODIFY `id` int(11) NOT NULL AUTO_INCREMENT, AUTO_INCREMENT=18;

--
-- AUTO_INCREMENT de la tabla `productos`
--
ALTER TABLE `productos`
  MODIFY `id` int(11) NOT NULL AUTO_INCREMENT, AUTO_INCREMENT=9;

--
-- AUTO_INCREMENT de la tabla `proveedor`
--
ALTER TABLE `proveedor`
  MODIFY `id` int(11) NOT NULL AUTO_INCREMENT, AUTO_INCREMENT=5;

--
-- AUTO_INCREMENT de la tabla `usuarios`
--
ALTER TABLE `usuarios`
  MODIFY `id` int(11) NOT NULL AUTO_INCREMENT, AUTO_INCREMENT=8;

--
-- AUTO_INCREMENT de la tabla `ventas`
--
ALTER TABLE `ventas`
  MODIFY `id` int(11) NOT NULL AUTO_INCREMENT, AUTO_INCREMENT=17;

--
-- Restricciones para tablas volcadas
--

--
-- Filtros para la tabla `detalle`
--
ALTER TABLE `detalle`
  ADD CONSTRAINT `detalle_ibfk_1` FOREIGN KEY (`id_pro`) REFERENCES `productos` (`id`) ON DELETE CASCADE ON UPDATE CASCADE,
  ADD CONSTRAINT `detalle_ibfk_2` FOREIGN KEY (`id_venta`) REFERENCES `ventas` (`id`) ON DELETE CASCADE ON UPDATE CASCADE;

--
-- Filtros para la tabla `productos`
--
ALTER TABLE `productos`
  ADD CONSTRAINT `productos_ibfk_1` FOREIGN KEY (`proveedor`) REFERENCES `proveedor` (`id`) ON DELETE CASCADE ON UPDATE CASCADE;

--
-- Filtros para la tabla `ventas`
--
ALTER TABLE `ventas`
  ADD CONSTRAINT `ventas_ibfk_1` FOREIGN KEY (`cliente`) REFERENCES `clientes` (`id`) ON DELETE CASCADE ON UPDATE CASCADE;
COMMIT;

/*!40101 SET CHARACTER_SET_CLIENT=@OLD_CHARACTER_SET_CLIENT */;
/*!40101 SET CHARACTER_SET_RESULTS=@OLD_CHARACTER_SET_RESULTS */;
/*!40101 SET COLLATION_CONNECTION=@OLD_COLLATION_CONNECTION */;
